epoch,train_loss,val_loss,epoch_sec,throughput_samples_per_sec
1,2.7307213318227315,1.5253024854524457,79.66312727700279,32325.557482142653
