{
  "total_training_sec": 79.66389748100482,
  "total_training_min": 1.3277316246834137,
  "avg_epoch_sec": 79.66312727700279,
  "avg_throughput_samples_per_sec": 32325.557482142653
}